title,author,source_name,source_year,source_rank,source_category,isbn13
Traction: Get a Grip on Your Business,Gino Wickman,amazon,2026,1,entrepreneurship,978-1936661824
Scary Good: Discovering Life Beyond the Sunday Scaries,Angie Callen,amazon,2026,2,entrepreneurship,979-8994213629
"Buy Back Your Time: Get Unstuck, Reclaim Your Freedom, and Build Your Empire",Dan Martell,amazon,2026,3,entrepreneurship,978-0593422984
The E-Myth Revisited: Why Most Small Businesses Don't Work and What to Do About It —A Guide to Starting a Business in a Productive and Successful Way,Michael E. Gerber,amazon,2026,4,entrepreneurship,978-0061741654
The Hard Thing About Hard Things: Building a Business When There Are No Easy Answers,Ben Horowitz,amazon,2026,5,entrepreneurship,978-0062273215
The Lean Startup: How Today's Entrepreneurs Use Continuous Innovation to Create Radically Successful Businesses,Eric Ries,amazon,2026,6,entrepreneurship,978-0307887917
"Zero to One: Notes on Startups, or How to Build the Future",Peter Thiel,amazon,2026,7,entrepreneurship,
$100M Leads: How to Get Strangers To Want To Buy Your Stuff (Acquisition.com $100M Series),Alex Hormozi,amazon,2026,8,entrepreneurship,
The Mom Test: How to talk to customers & learn if your business is a good idea when everyone is lying to you,Rob Fitzpatrick,amazon,2026,9,entrepreneurship,
Buy Then Build: How Acquisition Entrepreneurs Outsmart the Startup Game,Walker Deibel,amazon,2026,10,entrepreneurship,
Secrets of the Millionaire Mind: Mastering the Inner Game of Wealth,T. Harv Eker,amazon,2026,11,entrepreneurship,
Custom-Fit: A Straight-Talking Guide to Hiring Top Talent for Entrepreneurs & Small Business Owners,Kate Morgan,amazon,2026,12,entrepreneurship,
High Output Management,Andrew S. Grove,amazon,2026,13,entrepreneurship,
The Personal MBA 10th Anniversary Edition,Josh Kaufman,amazon,2026,14,entrepreneurship,
"Decoding Efficiency and Innovation: How Systems, Minds, and Nations Shape our Future",AJ Thoresen,amazon,2026,15,entrepreneurship,
Inspired: How to Create Tech Products Customers Love (Silicon Valley Product Group),Marty Cagan,amazon,2026,16,entrepreneurship,
Main Street Millionaire: How to Make Extraordinary Wealth Buying Ordinary Businesses,Codie Sanchez,amazon,2026,17,entrepreneurship,
Profit First: Transform Your Business from a Cash-Eating Monster to a Money-Making Machine,Mike Michalowicz,amazon,2026,18,entrepreneurship,
"Obviously Awesome: How to Nail Product Positioning so Customers Get It, Buy It, Love It",April Dunford,amazon,2026,19,entrepreneurship,
Just Talk: How to Attract Dream Clients by Simply Talking on Other People's Podcasts,Tiago Faria,amazon,2026,20,entrepreneurship,
Sell Yourself To Corporates: The 9 Actions Blueprint for Coaches,Tony Latimer,amazon,2026,21,entrepreneurship,
Bad Blood: Secrets and Lies in a Silicon Valley Startup,John Carreyrou,amazon,2026,22,entrepreneurship,
The Millionaire Fastlane: Crack the Code to Wealth and Live Rich for a Lifetime,MJ DeMarco,amazon,2026,23,entrepreneurship,
What's Your Dream?: Find Your Passion. Love Your Work. Build a Richer Life.,Simon Squibb,amazon,2026,24,entrepreneurship,
Build: An Unorthodox Guide to Making Things Worth Making,Tony Fadell,amazon,2026,25,entrepreneurship,
Who Not How: The Formula to Achieve Bigger Goals Through Accelerating Teamwork,Dan Sullivan,amazon,2026,26,entrepreneurship,
The Qualified Sales Leader: Proven Lessons from a Five Time CRO,John McMahon,amazon,2026,27,entrepreneurship,
"HBR Guide to Buying a Small Business: Think Big, Buy Small, Own Your Own Company (HBR Guide Series)",Richard S. Ruback,amazon,2026,28,entrepreneurship,
"How to Find Product Market Fit for SaaS Startups: Validate Your Startup Idea, Get Paying Customers Fast, and Scale Recurring Revenue Without Burning Cash ... Frameworks for Early-Stage SaaS Growth)",Robert Moment,amazon,2026,29,entrepreneurship,
"The $100 Startup: Reinvent the Way You Make a Living, Do What You Love, and Create a New Future",Chris Guillebeau,amazon,2026,30,entrepreneurship,
Million Dollar Weekend: The Surprisingly Simple Way to Launch a 7-Figure Business in 48 Hours,Noah Kagan,amazon,2026,31,entrepreneurship,
Mini Book Flywheel: How to Design a Category That Makes Your Business Unforgettable (Mini Book Publishing 6),Chris Stanley,amazon,2026,32,entrepreneurship,
The Laws of Medicine,David Holt,amazon,2026,33,entrepreneurship,
"SYSTEMology: Create time, reduce errors and scale your profits with proven business systems",David Jenyns,amazon,2026,34,entrepreneurship,
Secrets of Sand Hill Road: Venture Capital and How to Get It,Scott Kupor,amazon,2026,35,entrepreneurship,
"The Insider’s Guide to Business Credit Using an EIN Only: Get Tradelines, Credit Cards, and Loans for Your Business with No Personal Guarantee",Alyssa  Garner,amazon,2026,36,entrepreneurship,
Company Of One: Why Staying Small Is the Next Big Thing for Business,Paul Jarvis,amazon,2026,37,entrepreneurship,
"Imperialism, the Highest Stage of Capitalism",Vladimir Ilich Lenin,amazon,2026,38,entrepreneurship,
Pattern Breakers: Why Some Start-Ups Change the Future,Mike Maples Jr,amazon,2026,39,entrepreneurship,
Get Scalable: The Operating System Your Business Needs To Run and Scale Without You,Ryan Deiss,amazon,2026,40,entrepreneurship,
Start. Scale. Exit. Repeat.: Serial Entrepreneurs' Secrets Revealed!,Colin C. Campbell,amazon,2026,41,entrepreneurship,
"The ChatGPT-5 Millionaire: The Complete 5 in 1 Collection - Master AI to Build Passive Income, Automate Your Business, and Achieve Financial Freedom Using ChatGPT-5",Connor Redmond,amazon,2026,42,entrepreneurship,
"Business Model Generation: A Handbook for Visionaries, Game Changers, and Challengers (Strategyzer)",Alexander Osterwalder,amazon,2026,43,entrepreneurship,
The Artist’s Side Hustle: Grow Your Creative Business in Just 5 Hours a Week,Stacie Bloomfield,amazon,2026,44,entrepreneurship,
How to Be a Great Boss,Gino Wickman,amazon,2026,45,entrepreneurship,
Build a Business You Love: Mastering the Five Stages of Business,Dave Ramsey,amazon,2026,46,entrepreneurship,
Venture Deals: Be Smarter Than Your Lawyer and Venture Capitalist,Brad Feld,amazon,2026,47,entrepreneurship,
Obvious Adams: The Story of a Successful Business Man,Robert Updegrafft,amazon,2026,48,entrepreneurship,
"The Million-Dollar Coaches: Mindset, Methods & Mastery",Hanna Olivas,amazon,2026,49,entrepreneurship,
The Pumpkin Plan: A Simple Strategy to Grow a Remarkable Business in Any Field,Mike Michalowicz,amazon,2026,50,entrepreneurship,
How to Win Friends & Influence People,Dale Carnegie,goodreads,2026,1,business,
The 7 Habits of Highly Effective People: Powerful Lessons in Personal Change,Stephen R. Covey,goodreads,2026,2,business,
Think and Grow Rich,Napoleon Hill,goodreads,2026,3,business,
Good to Great: Why Some Companies Make the Leap... and Others Don't,Jim Collins,goodreads,2026,4,business,
"Rich Dad, Poor Dad",Robert T. Kiyosaki,goodreads,2026,5,business,
Getting Things Done: The Art of Stress-Free Productivity,David    Allen,goodreads,2026,6,business,
Influence: The Psychology of Persuasion,Robert B. Cialdini,goodreads,2026,7,business,
The 4-Hour Workweek,Timothy Ferriss,goodreads,2026,8,business,
The 48 Laws of Power,Robert Greene,goodreads,2026,9,business,
Freakonomics: A Rogue Economist Explores the Hidden Side of Everything,Steven D. Levitt,goodreads,2026,10,business,
"Thinking, Fast and Slow",Daniel Kahneman,goodreads,2026,11,business,
The Goal: A Process of Ongoing Improvement,Eliyahu M. Goldratt,goodreads,2026,12,business,
The Lean Startup,Eric Ries,goodreads,2026,13,business,
The E-myth Revisited,Michael E. Gerber,goodreads,2026,14,business,
The Richest Man in Babylon,George S. Clason,goodreads,2026,15,business,
Steve Jobs,Walter Isaacson,goodreads,2026,16,business,
The Tipping Point: How Little Things Can Make a Big Difference,Malcolm Gladwell,goodreads,2026,17,business,
Move to Millions: The Proven Framework to Become a Million Dollar CEO with Grace & Ease Instead of Hustle & Grind,Darnyelle Jervey Harmon,goodreads,2026,18,business,
Rework,Jason Fried,goodreads,2026,19,business,
Predictably Irrational: The Hidden Forces That Shape Our Decisions,Dan Ariely,goodreads,2026,20,business,
Emotional Intelligence 2.0,Travis Bradberry,goodreads,2026,21,business,
Made to Stick: Why Some Ideas Survive and Others Die,Chip Heath,goodreads,2026,22,business,
Drive: The Surprising Truth About What Motivates Us,Daniel H. Pink,goodreads,2026,23,business,
"Lean In: Women, Work, and the Will to Lead",Sheryl Sandberg,goodreads,2026,24,business,
The Intelligent Investor,Benjamin Graham,goodreads,2026,25,business,
Financial Feminist: Overcome the Patriarchy's Bullsh*t to Master Your Money and Build a Life You Love,Tori Dunlap,goodreads,2026,26,business,
"How Women Rise: Break the 12 Habits Holding You Back from Your Next Raise, Promotion, or Job",Sally Helgesen,goodreads,2026,27,business,
The Art of War,Sun Tzu,goodreads,2026,28,business,
Presence: Bringing Your Boldest Self to Your Biggest Challenges,Amy Cuddy,goodreads,2026,29,business,
My Money My Way: Taking Back Control of Your Financial Life,Kumiko Love,goodreads,2026,30,business,
CEO-Stories: Children Employed by Owners,Michael Eastwood,goodreads,2026,31,business,
Liar's Poker,Michael   Lewis,goodreads,2026,32,business,
Divergent Mind: Thriving in a World That Wasn't Designed for You,Jenara Nerenberg,goodreads,2026,33,business,
Strengths Finder 2.0,Tom Rath,goodreads,2026,34,business,
Purple Cow: Transform Your Business by Being Remarkable,Seth Godin,goodreads,2026,35,business,
New Startup Mindset: Ten Mindset Shifts to Build the Company of Your Dreams,Sandra Shpilberg,goodreads,2026,36,business,
She Thinks Like a Boss: Leadership—9 Essential Skills for New Female Leaders in Business and the Workplace,Jemma Roedel,goodreads,2026,37,business,
Built to Last: Successful Habits of Visionary Companies,Jim Collins,goodreads,2026,38,business,
"First, Break All the Rules: What the World's Greatest Managers Do Differently",Marcus Buckingham,goodreads,2026,39,business,
"Delivering Happiness: A Path to Profits, Passion, and Purpose",Tony Hsieh,goodreads,2026,40,business,
The Five Dysfunctions of a Team,Patrick Lencioni,goodreads,2026,41,business,
The Big Short: Inside the Doomsday Machine,Michael   Lewis,goodreads,2026,42,business,
Blue Ocean Strategy: How to Create Uncontested Market Space and Make the Competition Irrelevant,W. Chan Kim,goodreads,2026,43,business,
Getting to Yes: Negotiating Agreement Without Giving In,Roger Fisher,goodreads,2026,44,business,
The Speed of Trust: The One Thing that Changes Everything,Stephen M.R. Covey,goodreads,2026,45,business,
Crucial Conversations: Tools for Talking When Stakes are High,Kerry Patterson,goodreads,2026,46,business,
The Innovator's Dilemma: The Revolutionary Book that Will Change the Way You Do Business,Clayton M. Christensen,goodreads,2026,47,business,
The Black Swan: The Impact of the Highly Improbable,Nassim Nicholas Taleb,goodreads,2026,48,business,
"Brave, Not Perfect: Fear Less, Fail More, and Live Bolder",Reshma Saujani,goodreads,2026,49,business,
Tribes We Need You to Lead Us,Seth Godin,goodreads,2026,50,business,